{"cameraMode":{"drawMode":0,"name":"Shaded","section":"Shading Mode"},"sceneLighting":false,"audioPlay":false,"sceneViewState":{"showFog":true,"showMaterialUpdate":false,"showSkybox":false,"showFlares":true,"showImageEffects":true,"showParticleSystems":true},"in2DMode":false,"pivot":{"x":-0.034499943256378177,"y":0.6915000081062317,"z":0.23799997568130494},"rotation":{"x":-0.1530039757490158,"y":0.8080857992172241,"z":-0.23965592682361604,"w":-0.5159062743186951},"size":0.9470146894454956,"orthographic":false}