{"cameraMode":{"drawMode":0,"name":"Shaded","section":"Shading Mode"},"sceneLighting":false,"audioPlay":false,"sceneViewState":{"showFog":true,"showMaterialUpdate":false,"showSkybox":true,"showFlares":true,"showImageEffects":true,"showParticleSystems":true},"in2DMode":false,"pivot":{"x":1.835066795349121,"y":-10.201980590820313,"z":-1.4173412322998047},"rotation":{"x":0.09430860728025437,"y":0.890338659286499,"z":-0.38994717597961428,"w":0.21533752977848054},"size":21.45474624633789,"orthographic":false}